mean,std,max,min,loc,alpha,beta
6.124454022988507,1.7912192268628493,14.005,3.76,4.1777778991216135,1.8067183502818467,1.1617506505583002
