property,mean,std
diameter,0.05,0.001
temperature,1441.5186058823529,22.430882374322927
